<?xml version="1.0" encoding="UTF-8"?>
<!--
    
    Copyright (C) 2013 DASISH
    
    This program is free software; you can redistribute it and/or
    modify it under the terms of the GNU General Public License
    as published by the Free Software Foundation; either version 2
    of the License, or (at your option) any later version.
    
    This program is distributed in the hope that it will be useful,
    but WITHOUT ANY WARRANTY; without even the implied warranty of
    MERCHANTABILITY or FITNESS FOR A PARTICULAR PURPOSE. See the
    GNU General Public License for more details.
    
    You should have received a copy of the GNU General Public License
    along with this program; if not, write to the Free Software
    Foundation, Inc., 59 Temple Place - Suite 330, Boston, MA 02111-1307, USA.
    
-->

<beans xmlns="http://www.springframework.org/schema/beans"
       xmlns:security="http://www.springframework.org/schema/security"
       xmlns:xsi="http://www.w3.org/2001/XMLSchema-instance"
       xsi:schemaLocation="http://www.springframework.org/schema/beans
    http://www.springframework.org/schema/beans/spring-beans-3.0.xsd
    http://www.springframework.org/schema/security
    http://www.springframework.org/schema/security/spring-security-3.2.xsd">     
    
    <bean id="passwordEncoderBean" class="org.springframework.security.authentication.encoding.ShaPasswordEncoder">
        <constructor-arg value="512" />
    </bean>
    
    <security:http>
        <security:intercept-url pattern="/api/authentication/login" access="ROLE_USER" />
        <security:form-login 
            login-page="/loginform.jsp" 
            default-target-url="/api" 
            authentication-failure-url="/error.jsp" 
            username-parameter="username"
            password-parameter="password" />
        <security:logout delete-cookies="JSESSIONID"  logout-success-url="/logout.jsp"/>
    </security:http>
    
    <security:authentication-manager>
        <security:authentication-provider>
            <security:password-encoder ref="passwordEncoderBean">
                <security:salt-source user-property="username"/>
            </security:password-encoder>
            <security:jdbc-user-service data-source-ref="dataSource"/>
        </security:authentication-provider>
    </security:authentication-manager> 
      
</beans>



